listing_year,relative_cagr_6mo,relative_cagr_1yr,relative_cagr_2yr,relative_cagr_3yr
2018,-59.19238679976082,-40.43455014384831,-25.55039012528296,-26.403302682377156
2019,-42.52647489435879,-23.97660810453834,-13.1313649627549,-11.288831700912262
2020,8.957882851167405,-9.33085173101236,-12.9476786113919,-10.96577892853958
2021,-36.45900818049422,-33.78884033822608,-19.855442899596465,-13.30569164136619
2022,13.685909416216589,9.117296799816522,-0.7404614761748922,-10.126663528837799
2023,-9.129747351745074,-6.105273494026761,-13.840425775396117,
2024,-20.150234722242423,-14.81764269207999,,
2025,-21.80479941871488,,,
