listing_year,relative_cagr_6mo,relative_cagr_1yr,relative_cagr_2yr,relative_cagr_3yr
2018,27.27272727272727,27.27272727272727,27.27272727272727,31.818181818181817
2019,37.5,37.5,43.75,43.75
2020,53.333333333333336,46.666666666666664,20.0,33.33333333333333
2021,23.809523809523807,22.22222222222222,25.396825396825395,38.095238095238095
2022,52.63157894736842,60.526315789473685,44.73684210526316,39.473684210526315
2023,47.368421052631575,45.614035087719294,36.84210526315789,
2024,38.2716049382716,30.864197530864196,,
2025,37.142857142857146,,,
